Aktivita ,name,latin_name,Biotop ,Hmotnost ,eng_name,Potrava ,Velikost ,Doba březosti ,Řád ,Počet mláďat ,uri_name
denní ,Alpaka,Vicugna pacos,horské oblasti, 55-65 kg,Alpaca ,býložravec (tráva) ,100 cm v kohoutku ,365 dní,Sudokopytníci (Artiodactyla) ,1,alpaka.html
denní,Kočkodan Dianin,Cercopithecus diana ,tropické deštné lesy,3.9-5.5 kg,Diana Monkey,"všežravec (ovocné plody, semena, hmyz) ",100-150 cm délka těla i s ocasem,150-180 dní,Primáti (Primates),1,kockodan-dianin.html
noční,Kočka cejlonská,Prionailurus rubiginosus,"suchý listnatý les, louky ","1,5 kg ",Rusty-spotted Cat,"masožravec (hlodavci, ptáci, plazi, žáby)",48 cm délka těla,70 dní ,Šelmy (Carnivora) ,1-2,kocka-cejlonska.html
denní,Karas zlatý,Carassius auratus,stojaté i tekoucí vody,,Gold fish,"všežravec (zooplankton, rostliny)",15-40 cm,,Máloostní (Cypriniformes) ,,karas-zlaty.html
denní,Kapr obecný – Nishikigoi,Cyprinus carpio haematopetrus,sladkovodní jezera a rybníky ,,"Brocaded carp, KOI carp","všežravec (vodní rostliny a bezobratlí, ryby)",60-90 cm,,Máloostní (Cypriniformes) ,,kapr-obecny--nishikigoi.html
denní,Kachnička mandarinská,Aix galericulata,podél řek a jezer v blízkosti opadavých lesů,"0,44-0,5 kg",Mandarin Duck,"všežravec (rostliny, semena, vodní bezobratlí)",41-51 cm ,,Vrubozobí (Anseriformes) ,9-12,kachnicka-mandarinska.html
denní,Jeřáb černokrký,Grus nigricollis,"mokřady, bažinaté louky, břehy jezer",5-7 kg,Black-necked Crane ,"všežravec (kořínky, hlízy, bezobratlí)",115 cm,,Krátkokřídlí (Gruiformes),2,jerab-cernokrky.html
denní,Chameleon jemenský,Chameleo calyptratus,"horská údolí, zahrady ",,Veiled chameleon,"hmyz, drobní obratlovci (ještěři, ptáčata), listy ",45 - 65 cm,,Šupinatí (Squamata),12 - 85,chameleon-jemensky.html
denní,Hrdlička čínská,Spilopelia chinensis,"v blízkosti obydlených oblastí, parky ","0,13 g ",Spotted Dove ,"býložravec (semena, zrní)","27,5-30 cm ",,Měkkozobí (Columbiformes),2-3,hrdlicka-cinska.html
denní,Holub nikobarský,Caloenas nicobarica,"tropický les, mangrovy ","0,46-0,6 kg ",Nicobar Pigeon,"všežravec (semena, ovoce, ořechy, bezobratlí)",32-35 cm ,,Měkkozobí (Columbiformes),1-2,holub-nikobarsky.html
denní,Gibon bělolící,Hylobates (Nomascus) leucogenys,tropické deštné lesy ,6-7 kg,Chinese White-cheeked Gibbon,"býložravec (ovoce, listy, kořínky), hmyz",47-53 cm délka těla ,200-212 dní ,Primáti (Primates),1,gibon-belolici.html
noční ,Fretka domácí,Mustela putorius furo,chována jako domácí mazlíček a laboratorní zvíře,"1-1,5 kg",Ferret,"masožravec (hlodavci, ptáci)",42-64 cm délka těla,42-50 dní ,Šelmy (Carnivora) ,1-16,fretka-domaci.html
denní,Felsuma madagaskarská,Phelsuma madagascariensis kochi ,"lesy, plantáže, lidská obydlí",,Madagascar day gecko,"hmyz, míza stromů, nektar květů",22 - 30 cm i s ocasem,,Šupinatí (Squamata),2 ,felsuma-madagaskarska.html
denní ,Dvojzoborožec hnědavý,Buceros hydrocorax,tropický deštný les,"1,17-1,82 kg ",Rufous Hornbill,"všežravec (ovoce, semena, hmyz)",60-65 cm ,,Srostloprstí (Coraciiformes) ,2-4 ,dvojzoborozec-hnedavy.html
denní ,Čimango falklandský,Phalcoboenus australis,"otevřená krajina, skalnatá pobřeží","1-1,2 kg",Striated Caracara,"masožravec (obratlovci: savci, ptáci; bezobratlí)",60 cm ,,Dravci (Falconiformes) ,1-4 ,cimango-falklandsky.html
denní,Buvolec běločelý,Damaliscus pygargus phillipsi,savana,50-80 kg,Blesbock,býložravec (tráva) ,85-100 cm v kohoutku,220-250 dní,Sudokopytníci (Artiodactyla) ,1,buvolec-belocely.html
denní,Kůň Převalského,Equus przewalskii,stepi a polopouště,200-350 kg,Przewalski's horse,"býložravec (tráva, byliny)",220-280 cm délka těla,328-343,Lichokopytníci (Perissodactyla),1,kun-prevalskeho.html
denní,Kůň domácí - pony shetlandský,Equus caballus,"tundra, lidská sídla ",200-230 kg,Shetland pony,"býložravec (tráva, seno)",107 cm v kohoutku,300-338 dní ,Lichokopytníci (Perissodactyla),1,kun-domaci---pony-shetlandsky.html
denní,Kůň domácí - mini appaloosa,Equus caballus,lidská obydlí ,230-250 kg,Domestic horse - Mini Appaloosa,"býložravec (tráva, seno)",90 cm v kohoutku,310-340 dní,Lichokopytníci (Perissodactyla),1,kun-domaci---mini-appaloosa.html
noční ,Krokodýl čelnatý,Osteolaemus tetraspis,tropický deštný les ,,African Dwarf Crocodile,"bezobratlí (korýši, měkkýši), drobní obratlovci",130-230 cm,,Krokodýli (Crocodilia),10-18,krokodyl-celnaty.html
denní ,Krátkokrčka novoguinejská,Elseya novaeguineae,řeky tropického deštného lesa ,,New Guinea Snapping Turtle,"ryby, bezobratlí: hmyz, měkkýši, kroužkovci",11-30 cm,,Želvy (Testudines) ,3-5 ve snůšce,kratkokrcka-novoguinejska.html
noční ,Krajta zelená,Morelia viridis,tropický deštný les ,,Green Tree Python,"menší obratlovci (hlodavci, netopýři, ptáci, žáby)",150-200 cm,,Šupinatí (Squamata),15-25 ,krajta-zelena.html
denní ,Krajta mřížkovaná,Malayopython reticulatus,"tropické deštné lesy, mokřady, rýžová pole",do 50 kg,Reticulated python,"obratlovci (savci, ptáci, plazi)",200 - 400 cm,,Šupinatí (Squamata),20 - 50,krajta-mrizkovana.html
denní,Kozorožec dagestánský,Capra cylindricornis,hory a horské oblasti ,45-80 kg,East Caucasian Tur,"býložravec (tráva, listy, pupeny, mech, lišejníky)",100 cm v kohoutku,180-190 dní ,Sudokopytníci (Artiodactyla) ,1-2,kozorozec-dagestansky.html
denní ,Pískomil mongolský,Meriones unguiculatus,"polopoušť, poušť, step","0,05-0,06 kg ",Mongolian Gerbil ,"býložravec (semena, traviny, ovocné plody)",12-15 cm ,24-29 dní ,Hlodavci (Rodentia) ,2-8,piskomil-mongolsky.html
noční,Výreček filipínský,Otus megalotis,"tropický les, sekundární lesnatá krajina",0.2-0.3 kg, Luzon Lowland Scops-owl ,"masožravec (hmyz, drobní obratlovci)",23-28 cm,,Sovy (Strigiformes) ,1-4,vyrecek-filipinsky.html
denní,Žirafa Rothschildova,Giraffa camelopardalis rothschildi,"savany, travnaté oblasti ",500-1900 kg,Rothschild's giraffe,býložravec (akácie),350-470 cm výška ,430 dní ,Sudokopytníci (Artiodactyla) ,1,zirafa-rothschildova.html
soumračná,Ženetka skvrnitá,Genetta tigrina,deštné lesy a savany,"1,2-3 kg",Cape Genet,"všežravec (hlodavci, ptáci, plody)",90-115 cm délka těla s ocasem,70 dní ,Šelmy (Carnivora) ,1-5,zenetka-skvrnita.html
denní,Želva uhlířská,Chelonoidis carbonaria ,"tropický deštný les, vlhká savana",10-28 kg,Red-footed Tortoise,"všežravec (ovocné plody, houby, bezobratlí)",30-50 cm délka svrchního krunýře,,Želvy (Testudines),2-15 vajec v jedné snůšce,zelva-uhlirska.html
noční,Želva ostruhatá,Centrochelys sulcata,"polopoušť, step ",,African Spurred Tortoise ,"všežravec (rostliny, kůra stromů, mršiny)",50-80 cm,,Želvy (Testudines) ,13-31 ve snůšce ,zelva-ostruhata.html
denní,Želva nádherná,Trachemys scripta elegans,klidné vody s bahnitými dny ,,Red-eared Slider ,"všežravec (vodní hmyz, ryby, pulci žab, řasy)",20-30 cm,,Želvy (Testudines) ,2-23 ve snůšce,zelva-nadherna.html
denní ,Želva korunkatá,Hardella thurjii,pomalu tekoucí vody,"0,5-10 kg",Crowned River Turtle,"převážně rostliny, výjimečně vodní živočichové",17-55 cm délka krunýře,,Želvy (Chelonia) ,14-19 ve snůšce,zelva-korunkata.html
denní ,Želva bahenní,Emys orbicularis,"vodní nádrže, řeky a potoky ",,European Pond Turtle,"ryby, pulci žab, hmyz, řasy, vodní rostliny ",15-21 cm,,Želvy (Testudines) ,3-16 ve snůšce,zelva-bahenni.html
denní,Zoborožec vrásčitý,Rhabdotorrhinus (Aceros) corrugatus ,"tropické deštné lesy, galeriové lesy","1-1,6 kg ",Wrinkled Hornbill ,"všežravec (hmyz, malí obratlovci, ovoce)",65-81 cm ,,Srostloprstí (Coraciiformes),4-7 ,zoborozec-vrascity.html
denní ,Zoborožec tmavý,Anthracoceros malayanus,"tropické deštné lesy, galeriové lesy  ","0,9-1,05 kg",Black Hornbill ,"všežravec (ovoce, hmyz, malí obratlovci)",60-65 cm ,,Srostloprstí (Coraciiformes),4-7,zoborozec-tmavy.html
denní ,Zoborožec šedolící,Bycanistes brevis,lesy ,"1-1,5 kg ",Silvery-cheeked Hornbill,"všežravec (hmyz, malí obratlovci, ovoce)",75-80 cm ,,Srostloprstí (Coraciiformes),1-3,zoborozec-sedolici.html
denní ,Zoborožec rýhozobý,Penelopides panini ,tropický les ,0.44-0.5 kg ,Visayan Hornbill,"všežravec (hmyz, ovocné plody)",45 cm,,Srostloprstí (Coraciiformes),2-3,zoborozec-ryhozoby.html
denní ,Zoborožec naříkavý,Bycanistes bucinator,"lesy, savany ","0,45-0,9 kg ",Trumpeter Hornbill,"všežravec (plody, hmyz)",50-55 cm ,,Srostloprstí (Coraciiformes),4-5 ,zoborozec-narikavy.html
denní ,Zoborožec kaferský,Bucorvus leadbeateri,"savany, lesy a travnaté pláně ","2,2-6,2 kg",Southern Ground-Hornbill,"všežravec (menší obratlovci, hmyz, plody)",90-100 cm ,,Srostloprstí (Coraciiformes),1-3,zoborozec-kafersky.html
denní,Zebřička pestrá,Taeniopygia castanotis,"travnaté stepi, kulturní krajina","0,014-0,018 kg ",Zebra Finch,"býložravec (semena, ovoce, zelenina)",12 cm ,,Pěvci (Passeriformes),5-9,zebricka-pestra.html
denní ,Zebra Chapmanova,Equus quagga chapmanni,savana,275 kg,Chapman's zebra,býložravec (tráva) ,125 cm v kohoutku,365 dní ,Lichokopytníci (Perissodactyla),1,zebra-chapmanova.html
denní ,Zebra bezhřívá,Equus quagga borensis,"savany, řídké lesy",160 - 340 kg,Maneless zebra ,býložravec (tráva) ,120-140 cm v kohoutku,365 dní,Lichokopytníci (Perissodactyla),1,zebra-bezhriva.html
noční ,Výreček bělolící,Ptilopsis granti,"savany, lesnaté oblasti ","0,13-0,28 kg",Southern White-faced Owl,"masožravec (bezobratlí, menší savci a ptáci)",22-24 cm ,,Sovy (Strigiformes),2-3,vyrecek-belolici.html
soumračná/noční,Výr velký západosibiřský,Bubo bubo sibiricus,lesnaté a skalnaté oblasti,"1,5-4,2 kg",Eurasian Eagle Owl,"masožravec (obratlovci: savci, ptáci)",60-75 cm ,,Sovy (Strigiformes),2-4,vyr-velky-zapadosibirsky.html
denní ,Vikuňa,Vicugna vicugna,hory a horské louky  ,45-55 kg,Vicugna ,"býložravec (byliny, traviny) ",90 cm výška v kohoutku,330-340 dní ,Sudokopytníci (Artiodactyla) ,1,vikuna.html
denní ,Velbloud dvouhrbý - domácí,Camelus bactrianus ferus,pouště a stepi,450-690 kg,Domestic Bactrian Camel ,"býložravec (listy, tráva, větve)",180 -230 cm v kohoutku,365-430 dní ,Sudokopytníci (Artiodactyla) ,1,velbloud-dvouhrby---domaci.html
denní ,Varan smaragdový,Varanus prasinus,"tropický deštný les, mangrovy, plantáže",,Emerald monitor,"všežravec (hmyz, ptačí vejce, plody)",70-100 cm s ocasem,,Šupinatí (Squamata),2-5 ve snůšce ,varan-smaragdovy.html
denní ,Varan modrý,Varanus macraei,tropický deštný les ,,Blue-spotted Tree Monitor ,"hmyz, vejce, menší ještěři",110 cm s ocasem ,,Šupinatí (Squamata),3 ve snůšce ,varan-modry.html
denní ,Varan antracitový,Varanus beccarii,"tropický deštný les, mangrovy",,Beccari's monitor ,bezobratlí a menší obratlovci,130 cm s ocasem,,Šupinatí (Squamata),2-6 ve snůšce,varan-antracitovy.html
noční,Užovka červená,Pantherophis guttatus,sušší křovinaté a zalesněné oblasi,,Eastern corn snake,"obatlovci (hlodavci, ještěrky, ptáci, netopýři)",100-180 cm,,Šupinatí (Squamata),12-24 ,uzovka-cervena.html
denní ,Užovka amurská,Elaphe schrenckii,vlhké biotopy v okolí řek a lesů,,Amur ratsnake,"obratlovci (savci, ptáci a jejich vejce)",150-170 cm,,Šupinatí (Squamata),8-15,uzovka-amurska.html
denní ,Urial bucharský,Ovis orientalis bocharensis,stepi,40-50 kg,Bukhara Urial,"býložravec (tráva, křoviny)",80-90 cm v kohoutku,190 dní ,Sudokopytníci (Artiodactyla) ,1-2,urial-bucharsky.html
soumračná,Tygr indický - bílá forma,Panthera tigris tigris,tropické deštné lesy - tygr indický,150-200 kg ,White Tiger,"masožravec (hlodavci, ptáci, plazi, obojživelníci)",100 cm v kohoutku ,103 dní ,Šelmy (Carnivora) ,1-3,tygr-indicky---bila-forma.html
denní,Turako červenokorunkatý,Tauraco erythrolophus,"galeriové lesy poblíž řek, lesnatá krajina ","0,21-0,33 kg ",Red-crested Turaco,"býložravec (semena, bobule, ovoce)",40-43 cm ,,Turakové (Musophagiformes),1-3,turako-cervenokorunkaty.html
denní,Tučňák Humboldtův,Spheniscus humboldti,moře a jeho pobřeží ,5-7 kg,Humboldt Penguin,"masožravec (ryby, olihně) ",65-70 cm ,,Tučňáci (Sphenisciformes),1-2,tucnak-humboldtuv.html
denní ,Toko žlutozobý,Tockus flavirostris,"otevřená krajina: savany, okraje lesů ","0,19-0,28 kg","Eastern Yellow-billed Hornbill,","všežravec (menší obratlovci, hmyz, plody)",40 cm ,,Srostloprstí (Coraciiformes),2-3 ,toko-zlutozoby.html
denní ,Toko Deckenův,Tockus deckeni,"křovinaté buše, savany ","0,12-0,21 kg ",Von der Decken's Hornbill,"všežravec (menší obratlovci, hmyz, plody)",35 cm,,Srostloprstí (Coraciiformes),2-4,toko-deckenuv.html
denní ,Tilikva obrovská,Tiliqua gigas evanescens,lesnaté oblasti nížin i hor,,Giant Bluetongue Skink ,"všežravec (šneci, hmyz, mršiny, plody, květy)",40-50 cm i s ocasem,120-190 dní,Šupinatí (Squamata),2-25,tilikva-obrovska.html
denní/noční,Tapír jihoamerický,Tapirus terrestris,"nížinný, bažinatý tropický les",225-250 kg,Brazilian Tapir,"býložravec (tráva, rákos, ovoce)",170-200 cm ,400 dní ,Lichokopytníci (Perissodactyla),1 ,tapir-jihoamericky.html
denní,Tamarín pinčí,Saguinus oedipus,nížinný opadavý les,"0,4-0,45 kg",Cotton-headed Tamarin,"všežravec (ovoce, nektar, hmyz, ptáci)",60 cm délka těla s ocasem,140 dní,Primáti (Primates),1-2,tamarin-pinci.html
denní,Takin čínský,Budorcas taxicolor bedfordi,horské oblasti  ,300-350 kg,Golden takin ,"býložravec (listy, tráva, pupeny, výhonky)",170-220 cm výška v kohoutku,220-250 dní ,Sudokopytníci (Artiodactyla) ,1-2,takin-cinsky.html
denní,Šimpanz,Pan troglodytes,"tropický deštný les, savana",30-60 kg ,Chimpanzee,"všežravec (semena, ovoce, bezobratlí, obratlovci)",výška 65 - 95 cm ,,Primáti (Primates),1-2,simpanz.html
denní,Surikata,Suricata suricatta,"polopouště, suché savany","0,62-1 kg",Meerkat,"všežravec (hmyz, drobní obratlovci, kořínky)",42-60 cm délka těla s ocasem ,70-85 dní ,Šelmy (Carnivora) ,1-5,surikata.html
denní ,Sup mrchožravý,Neophron percnopterus,"otevřená krajina: step, poušť, hory ","1,6-2,2 kg ",Egyptian Vulture,"masožravec (obratlovci, hmyz) ",58-70 cm výška,,Dravci (Accipitriformes) ,1-2,sup-mrchozravy.html
denní ,Sup himálajský,Gyps himalayensis,horské oblasti,8-12 kg ,Himalayan Griffon,masožravec (mršiny obratlovců) ,116-150 cm,,Dravci (Accipitriformes),1,sup-himalajsky.html
denní/noční,Sovice sněžní,Bubo (Nyctea) scandiaca,"tundra, mokřady","0,7-2,95 kg",Snowy Owl ,"masožravec (menší savci a ptáci, bezobratlí)",55-70 cm ,,Sovy (Strigiformes),3-11,sovice-snezni.html
denní,Sob lesní karelský,Rangifer tarandus fennicus,"tundra, tajga",90-250 kg,Reindeer,"býložravec (tráva, byliny, lišejníky, pupeny)",80-130 cm v kohoutku,220-250 dní ,Sudokopytníci (Artiodactyla) ,1-2,sob-lesni-karelsky.html
denní,Slon indický,Elephas maximus ,tropický deštný les ,2000-5000 kg,Asian elephant,"býložravec (kůra stromů, listy, kořínky, plody)",350 cm délka ,660-680 dní,Chobotnatci (Proboscidea),1,slon-indicky.html
denní,Satyr Cabotův,Tragopan caboti,horské smíšené lesy a otevřená krajina,"0,9-1,4 kg ",Cabot's Tragopan,"všežravec (převaha rostlinné složky, hmyz)",50-60 cm,,Hrabaví (Galliformes),2-4,satyr-cabotuv.html
denní,Saranče všežravá,Schistocerca gregaria,"suché biotopy (polopoušť, poušť)",,Desert locust ,"převážně býložravec (traviny, obiloviny)",3-7 cm,,Rovnokřídlí (Orthoptera),40-400 jedna snůška,sarance-vsezrava.html
noční,Sambar skvrnitý,Rusa alfredi,"lesy, traviny ",25-85 kg ,Visayan Spotted Deer,"býložravec (výhonky, listy, pupeny)",70-80 cm v kohoutku,,Sudokopytníci (Artiodactyla) ,1,sambar-skvrnity.html
soumrak a noc,Rys karpatský,Lynx lynx carpaticus,lesy mírného pásma,20-25 kg,Carpathian Lynx ,"masožravec (savci, ptáci)",70 cm v kohoutku ,70 dní ,Šelmy (Carnivora) ,2-4,rys-karpatsky.html
noční,Rosnička včelí,,tropický deštný les,12-35 g,,bezobratlí (hmyz),6-10 cm,,Žáby (Anura) ,,rosnicka-vceli.html
soumračná/noční,Puštík bradatý,Strix nebulosa,boreální a jehličnaté lesy ,"0,8-1,7 kg",Great Grey Owl,"masožravec (obratlovci, hmyz) ",59-69 cm ,,Sovy (Strigiformes),2-9 ,pustik-bradaty.html
noční ,Puštík bělavý,Strix uralensis,"boreální lesy s bažinami, horské bukové lesy","0,5-1,3 kg",Ural Owl,"masožravec (hlodavci, ptáci, plazi, obojživelníci)",50-62 cm ,,Sovy (Strigiformes),1-6,pustik-belavy.html
denní ,Plameňák růžový,Phoenicopterus roseus,"slaná jezera a laguny, ústí řek ",2-4 kg ,Greater Flamingo,"všežravec (vodní bezobratlí, ryby, řasy)",120-150 cm výška,,Plameňáci (Phoenicopteriformes),1,plamenak-ruzovy.html
denní ,Plameňák kubánský,Phoenicopterus ruber,"slané i sladké vody jezer a řek, mělké laguny",2-4 kg ,Caribbean Flamingo ,"všežravec (vodní bezobratlí, ryby, řasy)",120-145 cm výška,,Plameňáci (Phoenicopteriformes),1,plamenak-kubansky.html
denní ,Pelikán skvrnozobý,Pelecanus philippensis,mokřady se slanou i sladkou vodou,"4,1-5 kg",Spot-billed pelican,"masožravec (ryby, korýši, žáby)",127-152 cm ,,Veslonozí (Pelecaniformes),2-4,pelikan-skvrnozoby.html
denní ,Pelikán bílý,Pelecanus onocrotalus,"jezera, delty řek, bažiny",5-15 kg ,Great White Pelican,"masožravec (ryby, vajíčka a mláďata vodních ptáků)",148-175 cm ,,Veslonozí (Pelecaniformes),1-3,pelikan-bily.html
denní ,Pavián pláštíkový,Papio hamadryas,"stepi, savany, skalnaté pouště, horská údolí",10-21 kg ,Hamadryas Baboon,"všežravec (tráva, ovoce, bezobratlí, menší savci)","50-95 cm délka těla, 42-60 cm ocas",165-184 dní ,Primáti (Primates),1,pavian-plastikovy.html
denní ,Papoušek vlnkovaný,Melopsittacus undulatus,"otevřená krajina, v okolí lidských sídel","0,026-0,03 kg ",Budgerigar,býložravec (semena),18 cm,,Papoušci (Psittaciformes),4-6,papousek-vlnkovany.html
noční,Panda červená,Ailurus fulgens,bambusové porosty horských lesů mírného pásma,3-6 kg ,Red Panda,"všežravec (bambus, menší obratlovci)",80-115 cm délka těla i s ocasem,90-150 dní ,Šelmy (Carnivora) ,1-4,panda-cervena.html
denní ,Ovce kamerunská - domácí,Ovis aries,"travnaté oblasti, lidská sídla",25-35 kg ,Cameroon sheep,býložravec (tráva) ,45-50 cm v kohoutku ,90-100 dní ,Sudokopytníci (Artiodactyla) ,1-2,ovce-kamerunska---domaci.html
denní,Osel somálský,Equus africanus somaliensis,kamenité polopouště,320-370 kg ,Somali Wild Ass,"býložravec (tráva, kořinky)",150 cm v kohoutku,330-365 dní ,Lichokopytníci (Perissodactyla),1,osel-somalsky.html
denní ,Orlosup bradatý,Gypaetus barbatus aureus,hory se skalnatým terénem,"4,5-7,1 kg",Bearded Vulture,masožravec (obratlovci) ,100-115 cm,,Dravci (Accipitriformes) ,1-2,orlosup-bradaty.html
denní ,Orlík krátkoprstý,Circaetus gallicus,"otevřená krajina, polopouště, stepi","1,2-2,3 kg",Short-toed Snake-eagle,"masožravec (plazi, obojživelníci, menší savci)",62-67 cm,,Dravci (Accipitriformes),1,orlik-kratkoprsty.html
denní ,Orel východní,Haliaeetus pelagicus,"pobřeží, zalesněná krajina poblíž řek ","4,9-9 kg ",Steller's Sea Eagle,masožravec (ryby) ,85-94 cm ,,Dravci (Accipitriformes) ,1-3,orel-vychodni.html
denní ,Orel skalní,Aquila chrysaetos,otevřená krajina hor ,"2,8-6,9 kg",Golden Eagle,"masožravec (savci, ptáci)",75-90 cm,,Dravci (Accipitriformes),2,orel-skalni.html
denní ,Orel nejmenší,Hieraaetus pennatus,"otevřená krajina poblíž lesa, hory","0,75-1 kg",Booted Eagle,"masožravec (menší obratlovci, hmyz) ",45-52 cm ,,Dravci (Accipitriformes),2-3,orel-nejmensi.html
denní ,Orel křiklavý,Aquila pomarina,lesy poblíž polí a luk ,"1,1-2 kg ",Lesser Spotted Eagle ,masožravec (obratlovci) ,57-64 cm ,,Dravci (Accipitriformes),1-2,orel-kriklavy.html
denní ,Orel královský,Aquila heliaca,"otevřená krajina, stepi, polopouště","2,5-4,5 kg ",Imperial Eagle,"masožravec (savci, ptáci)",72-84 cm ,,Dravci (Accipitriformes),2-3,orel-kralovsky.html
noční ,Nyala nížinná,Tragelaphus angasi,nížinné lesy poblíž vody ,62-140 kg ,Nyala,"býložravec (tráva, listí, plody) ",110 cm v kohoutku,220 dní ,Sudokopytníci (Artiodactyla) ,1,nyala-nizinna.html
denní,Nosál červený,Nasua nasua,listnaté a smíšené lesy,3-8 kg ,South American coati,"všežravec (hlízy, plody, ptačí vejce a mláďata)",67-137 cm délka těla s ocasem,70-77 dní ,šelmy (Carnivora) ,1-7,nosal-cerveny.html
denní ,Nestor kea,Nestor notabilis,horské oblasti  ,"0,92 kg",Kea ,"všežravec (kořínky, bobule, semena, hmyz, mršiny)",48 cm délka těla,,Papoušci (Psittaciformes),2-4,nestor-kea.html
denní ,Nandu Darwinův,Pterocnemia pennata pennata,"pouštní horské oblasti (puna), travnaté plochy",15-25 kg ,Darwin's rhea ,"všežravec (semena, listy, tráva, hmyz)",93-100 cm výška těla ,,Nanduové (Rheiformes) ,10-30 ,nandu-darwinuv.html
denní ,Nahur modrý,Pseudois nayaur,"hory, hoské louky ",50 - 80 kg,Bharal ,"býložravec (tráva, lišejníky, mechy, výhonky)",75-90 cm v kohoutku,160 dní ,Sudokopytníci (Artiodactyla) ,1-2,nahur-modry.html
denní,Myš domácí (laboratorní),Mus musculus var. alba,"okolí lidských sídel, zemědělské plochy","0,009-0,030 kg",House mouse ,"všežravec (zrní, semena, hmyz)","tělo 7,5-10 cm, ocas 5-10 cm ",21-23 dní,Hlodavci (Rodentia) ,1-22,mys-domaci-(laboratorni).html
noční,Muntžak malý,Muntiacus reevesi,tropické lesy ,10-18 kg,Reeves's Muntjac,"býložravec (tráva, listí, výhonky, ovoce)",40-50 cm v kohoutku,180-190 dní ,Sudokopytníci (Artiodactyla) ,1,muntzak-maly.html
noční,Muntžak chocholatý,Elaphodus cephalophus michianus,vlhké lesy poblíž vod,17-30 kg,Tufted Deer,"býložravec (bambus, tráva, ovocné plody)",100-120 cm délka těla,180 dní,Sudokopytníci (Artiodactyla),1-2,muntzak-chocholaty.html
denní i noční v závislosti na prostředí,Mravenečník velký,Myrmecophaga tridactyla,"tropický les, pampy",35-60 kg,Giant Anteater,"myrmekofág (mravenci, termiti)","100-130 cm délka těla, 40-60 cm ocas",160-184 dní,Chudozubí (Xenarthra),1,mravenecnik-velky.html
denní ,Morče domácí,Cavia aperea var. porcellus,původně travnatá krajina nížin i hor,"0,04-1,8 kg",Guinea pig,"býložravec (traviny, semena rostlin)",25-40 cm délka těla,60-70 dní ,Hlodavci (Rodentia),1-5,morce-domaci.html
denní,Morče bolivijské,Galea monasteriensis,hory,"0,700-1,2 kg",Muenster yellow-toothed cavy,"býložravec (traviny, semena rostlin)",30 cm,60-70 dní,Hlodavci (Rodentia),1-3,morce-bolivijske.html
denní ,Mangusta tmavá,Crossarchus obscurus,"tropické deštné lesy, plantáže","1-1,5 kg",Common Cusimanse,"všežravec (hmyz, žáby, hadi, hlodavci, plody)",45-60 cm délka těla i s ocasem,60 dní ,Šelmy (Carnivora) ,2-4,mangusta-tmava.html
denní ,Mangabej žlutobřichý,Cercocebus agilis chrysogaster,deštné a bažinaté lesy ,6-14 kg,Golden-bellied mangabey,"všežravec (ovoce, listy, houby, hmyz)","45-66 cm délka těla, 50-75 cm ocas",165-180 dní ,Primáti (Primates),1,mangabej-zlutobrichy.html
denní ,Makak lví,Macaca silenus,tropické monsunové lesy ,2-10 kg,Lion-tailed Macaque,všežravec s převahou rostlinné složky (ovoce),"42-61 cm délka těla, 24-39 cm ocas",162-186 dní ,Primáti (Primates),1,makak-lvi.html
denní,Majna Rothschildova,Leucopsar rothschildi,otevřené lesy s travinným podrostem,"0,07-0,11 kg ",Bali Myna,"všežravec (semena, ovoce, hmyz, plazi)",25 cm ,,Pěvci (Passeriformes),2-3 ,majna-rothschildova.html
denní ,Loskuták posvátný,Gracula religiosa,vlhký tropický les ,0.2-0.3 kg,Common Hill Myna,"všežravec (hmyz, ovocné plody)",17-29 cm ,,Pěvci (Passeriformes),1-3,loskutak-posvatny.html
noční,Levhart sněžný,Panthera uncia,hory a horské oblasti ,30-55 kg,Snow Leopard,"masožravec (savci, ptáci)",60 cm v kohotku,90-100 dní ,Šelmy (Carnivora) ,2-3,levhart-snezny.html
denní/noční,Levhart čínský,Panthera pardus japonensis,"stepi, lesy a náhorní plošiny",50-80 kg,North-Chinese leopard ,"masožravec (antilopy, ptáci)",45-75 cm v kohoutku  ,90-112 dní ,Šelmy (Carnivora) ,2-3,levhart-cinsky.html
denní/noční,Lev berberský,Panthera leo leo ,hory,110-190 kg,Barbary lion,masožravec (kopytníci),90-110 cm v kohoutku,102-105 dní ,Šelmy (Carnivora) ,1-4,lev-berbersky.html
denní/noční ,Lemur černý,Eulemur macaco macaco,"primární a sekundární tropický les, plantáže",2 kg,Black lemur,"převážně býložravci (ovoce, listy, nektar), hmyz","39-45 cm délka těla, 51-65 cm ocas",125-127 dní ,Primáti (Primates),1-2,lemur-cerny.html
denní,Lachtan hřivnatý,Otaria byronia,moře a pobřeží,140-250 kg,South American Sea Lion,"masožravec (ryby, hlavonožci, korýši)",230-280 cm délka těla ,,Šelmy (Carnivora) ,1,lachtan-hrivnaty.html
denní,Koza šrouborohá,Capra falconeri heptneri,hory a horské oblasti ,90-100 kg,Bukharan Markhor,"býložravec (tráva, listy, kůra)",110 cm v kohoutku,147-154 dní ,Sudokopytníci (Artiodactyla) ,1-2,koza-srouboroha.html
denní,Koza kamerunská - domácí,Capra hircus,"travnaté oblasti, polopouště, pouště, lidská sídla",15 kg,Domestic goat,"býložravec (tráva, listy, kůra)",40 cm v kohoutku,150-170 dní,Sudokopytníci (Artiodactyla) ,1-3,koza-kamerunska---domaci.html
denní,Kosman zakrslý,Cebuella pygmaea,"deštné lesy, okraje polí","0,12-0,14 kg",Pygmy marmoset,"všežravec (ovoce, nektar, hmyz, ptáci)",19-38 cm délka těla s ocasem ,119-142 dní ,Primáti (Primates),1-3,kosman-zakrsly.html
denní ,Korunáč Sclaterův,Goura scheepmakeri,tropický deštný les ,"2-2,3 kg",Scheepmaker's Crowned-pigeon,"všežravec (semena, bobule, ovoce, hmyz)",71-79 cm délka těla ,,Měkkozobí (Columbiformes),1,korunac-sclateruv.html
denní ,Korálovka pruhovaná,Lampropeltis getula,"lesostep, polopouště, prérie",,Common kingsnake,"obratlovci (hlodavci, jěštěři, ptáci, žáby)",100 - 200 cm,,Šupinatí (Squamata),12 - 20,koralovka-pruhovana.html
denní,Bulbul zahradní,Pycnonotus barbatus,"lesy, křoviny, zahrady a parky ","0,023-0, 060 kg",Common Bulbul,"všežravec (plody, nektar, hmyz)",18-21 cm,,Pěvci (Passeriformes),2-3 ,bulbul-zahradni.html
denní ,Bažant zlatý,Chrysolophus pictus,lesy s hustým podrostem,"0,55-0,88 kg ",Golden Pheasant ,"listy, kořínky, ovoce, hmyz",60-115 cm délka těla i s ocasem,,Hrabaví (Galliformes),5-12,bazant-zlaty.html
denní,Bažant palawanský,Polyplectron napoleonis,tropické lesy nížin a hor ,"0,32-0,44 kg ",Palawan Peacock-pheasant,"všežravec (semena, ovoce, listy, výhonky, hmyz)",40-50 cm,,Hrabaví (Galliformes),2 ,bazant-palawansky.html
denní ,Bažant obecný korejský,Phasianus colchicus karpowi,"větrolamy, meze ","0,55-2 kg",Korean Ring-necked Pheasant  ,"semena, bobule, hmyz",50-90 cm tělo i s ocasem,,Hrabaví (Galliformes),9-14,bazant-obecny-korejsky.html
denní ,Bažant Edwardsův,Lophura edwardsi,deštné lesy ,"1-1,15 kg",Edwards's Pheasant ,"semena, plody, hmyz","58-65 cm tělo, 20-26 cm ocas",,Hrabaví (Galliformes),4-7,bazant-edwardsuv.html
denní ,Ara hyacintový,Anodorhynchus hyacinthinus,deštné lesy ,"1-1,5 kg",Hyacinth Macaw,"ořechy, plody, ovoce, malí obratlovci",100 cm v kohoutku ,,Papoušci (Psittaciformes),1-3,ara-hyacintovy.html
denní ,Antilopa koňská,Hippotragus equinus,savana,270-300 kg,Roan Antelope,"býložravec (tráva, listí, plody) ",150 cm v kohoutku,270-280 dní ,Sudokopytníci (Artiodactyla) ,1,antilopa-konska.html
